{
    "accuracy": 0.87968,
    "precision": 0.8838563571659657,
    "recall": 0.87424,
    "f1": 0.8790218790218789
}