{
    "accuracy": 0.8734,
    "precision": 0.866107145658483,
    "recall": 0.88336,
    "f1": 0.8746485009307299
}