{
    "accuracy": 0.93296,
    "precision": 0.9558625336927223,
    "recall": 0.90784,
    "f1": 0.9312325619563433
  }