{
    "accuracy": 0.51572,
    "precision": 0.5268993839835729,
    "recall": 0.30792,
    "f1": 0.38868972481696545
}