{
    "accuracy": 0.45544,
    "precision": 0.47451967063129,
    "recall": 0.82984,
    "f1": 0.6037834691501746
}